SKU,Rev_GL_Class,Sub_Category,Item_Description,Brand,Unit_Price,Attributes
1001,OFFICE SUPPLIES,Paper,"PaperOne Paper - A4, 70",PaperOne,37.32,"{""Size"": ""A4"", ""Weight_gsm"": 70}"
1002,OFFICE SUPPLIES,Paper,"PaperOne Paper - A4, 80",PaperOne,36.51,"{""Size"": ""A4"", ""Weight_gsm"": 80}"
1003,OFFICE SUPPLIES,Paper,"PaperOne Paper - A3, 70",PaperOne,34.99,"{""Size"": ""A3"", ""Weight_gsm"": 70}"
1004,OFFICE SUPPLIES,Paper,"PaperOne Paper - A3, 80",PaperOne,61.56,"{""Size"": ""A3"", ""Weight_gsm"": 80}"
1005,OFFICE SUPPLIES,Paper,"Double A Paper - A4, 70",Double A,68.41,"{""Size"": ""A4"", ""Weight_gsm"": 70}"
1006,OFFICE SUPPLIES,Paper,"Double A Paper - A4, 80",Double A,69.16,"{""Size"": ""A4"", ""Weight_gsm"": 80}"
1007,OFFICE SUPPLIES,Paper,"Double A Paper - A3, 70",Double A,59.1,"{""Size"": ""A3"", ""Weight_gsm"": 70}"
1008,OFFICE SUPPLIES,Paper,"Double A Paper - A3, 80",Double A,99.64,"{""Size"": ""A3"", ""Weight_gsm"": 80}"
1009,OFFICE SUPPLIES,Ink & Toner,"HP Ink & Toner - Black, 1500",HP,77.44,"{""Color"": ""Black"", ""Page_Yield"": 1500}"
1010,OFFICE SUPPLIES,Ink & Toner,"HP Ink & Toner - Black, 3000",HP,108.11,"{""Color"": ""Black"", ""Page_Yield"": 3000}"
1011,OFFICE SUPPLIES,Ink & Toner,"HP Ink & Toner - Black, 8000",HP,81.96,"{""Color"": ""Black"", ""Page_Yield"": 8000}"
1012,OFFICE SUPPLIES,Ink & Toner,"HP Ink & Toner - Cyan, 1500",HP,82.24,"{""Color"": ""Cyan"", ""Page_Yield"": 1500}"
1013,OFFICE SUPPLIES,Ink & Toner,"HP Ink & Toner - Cyan, 3000",HP,82.77,"{""Color"": ""Cyan"", ""Page_Yield"": 3000}"
1014,OFFICE SUPPLIES,Ink & Toner,"HP Ink & Toner - Cyan, 8000",HP,111.09,"{""Color"": ""Cyan"", ""Page_Yield"": 8000}"
1015,OFFICE SUPPLIES,Ink & Toner,"HP Ink & Toner - Magenta, 1500",HP,91.56,"{""Color"": ""Magenta"", ""Page_Yield"": 1500}"
1016,OFFICE SUPPLIES,Ink & Toner,"HP Ink & Toner - Magenta, 3000",HP,107.73,"{""Color"": ""Magenta"", ""Page_Yield"": 3000}"
1017,OFFICE SUPPLIES,Ink & Toner,"HP Ink & Toner - Magenta, 8000",HP,132.69,"{""Color"": ""Magenta"", ""Page_Yield"": 8000}"
1018,OFFICE SUPPLIES,Ink & Toner,"HP Ink & Toner - Yellow, 1500",HP,113.07,"{""Color"": ""Yellow"", ""Page_Yield"": 1500}"
1019,OFFICE SUPPLIES,Ink & Toner,"HP Ink & Toner - Yellow, 3000",HP,145.41,"{""Color"": ""Yellow"", ""Page_Yield"": 3000}"
1020,OFFICE SUPPLIES,Ink & Toner,"HP Ink & Toner - Yellow, 8000",HP,132.07,"{""Color"": ""Yellow"", ""Page_Yield"": 8000}"
1021,OFFICE SUPPLIES,Ink & Toner,"Canon Ink & Toner - Black, 1500",Canon,130.95,"{""Color"": ""Black"", ""Page_Yield"": 1500}"
1022,OFFICE SUPPLIES,Ink & Toner,"Canon Ink & Toner - Black, 3000",Canon,162.7,"{""Color"": ""Black"", ""Page_Yield"": 3000}"
1023,OFFICE SUPPLIES,Ink & Toner,"Canon Ink & Toner - Black, 8000",Canon,126.46,"{""Color"": ""Black"", ""Page_Yield"": 8000}"
1024,OFFICE SUPPLIES,Ink & Toner,"Canon Ink & Toner - Cyan, 1500",Canon,157.26,"{""Color"": ""Cyan"", ""Page_Yield"": 1500}"
1025,OFFICE SUPPLIES,Ink & Toner,"Canon Ink & Toner - Cyan, 3000",Canon,149.71,"{""Color"": ""Cyan"", ""Page_Yield"": 3000}"
1026,OFFICE SUPPLIES,Ink & Toner,"Canon Ink & Toner - Cyan, 8000",Canon,142.72,"{""Color"": ""Cyan"", ""Page_Yield"": 8000}"
1027,OFFICE SUPPLIES,Ink & Toner,"Canon Ink & Toner - Magenta, 1500",Canon,175.98,"{""Color"": ""Magenta"", ""Page_Yield"": 1500}"
1028,OFFICE SUPPLIES,Ink & Toner,"Canon Ink & Toner - Magenta, 3000",Canon,171.41,"{""Color"": ""Magenta"", ""Page_Yield"": 3000}"
1029,OFFICE SUPPLIES,Ink & Toner,"Canon Ink & Toner - Magenta, 8000",Canon,157.1,"{""Color"": ""Magenta"", ""Page_Yield"": 8000}"
1030,OFFICE SUPPLIES,Ink & Toner,"Canon Ink & Toner - Yellow, 1500",Canon,163.04,"{""Color"": ""Yellow"", ""Page_Yield"": 1500}"
1031,OFFICE SUPPLIES,Ink & Toner,"Canon Ink & Toner - Yellow, 3000",Canon,166.35,"{""Color"": ""Yellow"", ""Page_Yield"": 3000}"
1032,OFFICE SUPPLIES,Ink & Toner,"Canon Ink & Toner - Yellow, 8000",Canon,194.74,"{""Color"": ""Yellow"", ""Page_Yield"": 8000}"
1033,OFFICE SUPPLIES,Ink & Toner,"Epson Ink & Toner - Black, 1500",Epson,224.17,"{""Color"": ""Black"", ""Page_Yield"": 1500}"
1034,OFFICE SUPPLIES,Ink & Toner,"Epson Ink & Toner - Black, 3000",Epson,224.58,"{""Color"": ""Black"", ""Page_Yield"": 3000}"
1035,OFFICE SUPPLIES,Ink & Toner,"Epson Ink & Toner - Black, 8000",Epson,204.72,"{""Color"": ""Black"", ""Page_Yield"": 8000}"
1036,OFFICE SUPPLIES,Ink & Toner,"Epson Ink & Toner - Cyan, 1500",Epson,211.71,"{""Color"": ""Cyan"", ""Page_Yield"": 1500}"
1037,OFFICE SUPPLIES,Ink & Toner,"Epson Ink & Toner - Cyan, 3000",Epson,233.21,"{""Color"": ""Cyan"", ""Page_Yield"": 3000}"
1038,OFFICE SUPPLIES,Ink & Toner,"Epson Ink & Toner - Cyan, 8000",Epson,208.89,"{""Color"": ""Cyan"", ""Page_Yield"": 8000}"
1039,OFFICE SUPPLIES,Ink & Toner,"Epson Ink & Toner - Magenta, 1500",Epson,222.7,"{""Color"": ""Magenta"", ""Page_Yield"": 1500}"
1040,OFFICE SUPPLIES,Ink & Toner,"Epson Ink & Toner - Magenta, 3000",Epson,212.87,"{""Color"": ""Magenta"", ""Page_Yield"": 3000}"
1041,OFFICE SUPPLIES,Ink & Toner,"Epson Ink & Toner - Magenta, 8000",Epson,234.25,"{""Color"": ""Magenta"", ""Page_Yield"": 8000}"
1042,OFFICE SUPPLIES,Ink & Toner,"Epson Ink & Toner - Yellow, 1500",Epson,252.25,"{""Color"": ""Yellow"", ""Page_Yield"": 1500}"
1043,OFFICE SUPPLIES,Ink & Toner,"Epson Ink & Toner - Yellow, 3000",Epson,240.54,"{""Color"": ""Yellow"", ""Page_Yield"": 3000}"
1044,OFFICE SUPPLIES,Ink & Toner,"Epson Ink & Toner - Yellow, 8000",Epson,257.13,"{""Color"": ""Yellow"", ""Page_Yield"": 8000}"
1045,OFFICE SUPPLIES,Writing Tools,"Staedtler Writing Tools - Ballpoint, 10",Staedtler,267.29,"{""Type"": ""Ballpoint"", ""Pack_Size"": 10}"
1046,OFFICE SUPPLIES,Writing Tools,"Staedtler Writing Tools - Ballpoint, 20",Staedtler,274.27,"{""Type"": ""Ballpoint"", ""Pack_Size"": 20}"
1047,OFFICE SUPPLIES,Writing Tools,"Staedtler Writing Tools - Ballpoint, 50",Staedtler,290.92,"{""Type"": ""Ballpoint"", ""Pack_Size"": 50}"
1048,OFFICE SUPPLIES,Writing Tools,"Staedtler Writing Tools - Gel, 10",Staedtler,277.06,"{""Type"": ""Gel"", ""Pack_Size"": 10}"
1049,OFFICE SUPPLIES,Writing Tools,"Staedtler Writing Tools - Gel, 20",Staedtler,289.28,"{""Type"": ""Gel"", ""Pack_Size"": 20}"
1050,OFFICE SUPPLIES,Writing Tools,"Staedtler Writing Tools - Gel, 50",Staedtler,286.53,"{""Type"": ""Gel"", ""Pack_Size"": 50}"
1051,OFFICE SUPPLIES,Writing Tools,"Staedtler Writing Tools - Marker, 10",Staedtler,295.55,"{""Type"": ""Marker"", ""Pack_Size"": 10}"
1052,OFFICE SUPPLIES,Writing Tools,"Staedtler Writing Tools - Marker, 20",Staedtler,305.54,"{""Type"": ""Marker"", ""Pack_Size"": 20}"
1053,OFFICE SUPPLIES,Writing Tools,"Staedtler Writing Tools - Marker, 50",Staedtler,279.64,"{""Type"": ""Marker"", ""Pack_Size"": 50}"
1054,OFFICE SUPPLIES,Writing Tools,"Faber-Castell Writing Tools - Ballpoint, 10",Faber-Castell,321.66,"{""Type"": ""Ballpoint"", ""Pack_Size"": 10}"
1055,OFFICE SUPPLIES,Writing Tools,"Faber-Castell Writing Tools - Ballpoint, 20",Faber-Castell,291.5,"{""Type"": ""Ballpoint"", ""Pack_Size"": 20}"
1056,OFFICE SUPPLIES,Writing Tools,"Faber-Castell Writing Tools - Ballpoint, 50",Faber-Castell,301.03,"{""Type"": ""Ballpoint"", ""Pack_Size"": 50}"
1057,OFFICE SUPPLIES,Writing Tools,"Faber-Castell Writing Tools - Gel, 10",Faber-Castell,303.46,"{""Type"": ""Gel"", ""Pack_Size"": 10}"
1058,OFFICE SUPPLIES,Writing Tools,"Faber-Castell Writing Tools - Gel, 20",Faber-Castell,328.14,"{""Type"": ""Gel"", ""Pack_Size"": 20}"
1059,OFFICE SUPPLIES,Writing Tools,"Faber-Castell Writing Tools - Gel, 50",Faber-Castell,309.04,"{""Type"": ""Gel"", ""Pack_Size"": 50}"
1060,OFFICE SUPPLIES,Writing Tools,"Faber-Castell Writing Tools - Marker, 10",Faber-Castell,324.29,"{""Type"": ""Marker"", ""Pack_Size"": 10}"
1061,OFFICE SUPPLIES,Writing Tools,"Faber-Castell Writing Tools - Marker, 20",Faber-Castell,338.04,"{""Type"": ""Marker"", ""Pack_Size"": 20}"
1062,OFFICE SUPPLIES,Writing Tools,"Faber-Castell Writing Tools - Marker, 50",Faber-Castell,339.63,"{""Type"": ""Marker"", ""Pack_Size"": 50}"
1063,OFFICE SUPPLIES,Writing Tools,"Pilot Writing Tools - Ballpoint, 10",Pilot,355.91,"{""Type"": ""Ballpoint"", ""Pack_Size"": 10}"
1064,OFFICE SUPPLIES,Writing Tools,"Pilot Writing Tools - Ballpoint, 20",Pilot,342.1,"{""Type"": ""Ballpoint"", ""Pack_Size"": 20}"
1065,OFFICE SUPPLIES,Writing Tools,"Pilot Writing Tools - Ballpoint, 50",Pilot,368.33,"{""Type"": ""Ballpoint"", ""Pack_Size"": 50}"
1066,OFFICE SUPPLIES,Writing Tools,"Pilot Writing Tools - Gel, 10",Pilot,341.22,"{""Type"": ""Gel"", ""Pack_Size"": 10}"
1067,OFFICE SUPPLIES,Writing Tools,"Pilot Writing Tools - Gel, 20",Pilot,374.27,"{""Type"": ""Gel"", ""Pack_Size"": 20}"
1068,OFFICE SUPPLIES,Writing Tools,"Pilot Writing Tools - Gel, 50",Pilot,368.83,"{""Type"": ""Gel"", ""Pack_Size"": 50}"
1069,OFFICE SUPPLIES,Writing Tools,"Pilot Writing Tools - Marker, 10",Pilot,391.93,"{""Type"": ""Marker"", ""Pack_Size"": 10}"
1070,OFFICE SUPPLIES,Writing Tools,"Pilot Writing Tools - Marker, 20",Pilot,371.57,"{""Type"": ""Marker"", ""Pack_Size"": 20}"
1071,OFFICE SUPPLIES,Writing Tools,"Pilot Writing Tools - Marker, 50",Pilot,372.83,"{""Type"": ""Marker"", ""Pack_Size"": 50}"
1072,OFFICE SUPPLIES,Filing,"Generic Filing - Cardboard, Blue",Generic,405.81,"{""Material"": ""Cardboard"", ""Color"": ""Blue""}"
1073,OFFICE SUPPLIES,Filing,"Generic Filing - Cardboard, Green",Generic,387.12,"{""Material"": ""Cardboard"", ""Color"": ""Green""}"
1074,OFFICE SUPPLIES,Filing,"Generic Filing - Cardboard, Red",Generic,419.66,"{""Material"": ""Cardboard"", ""Color"": ""Red""}"
1075,OFFICE SUPPLIES,Filing,"Generic Filing - Cardboard, Black",Generic,401.39,"{""Material"": ""Cardboard"", ""Color"": ""Black""}"
1076,OFFICE SUPPLIES,Filing,"Generic Filing - Plastic, Blue",Generic,432.08,"{""Material"": ""Plastic"", ""Color"": ""Blue""}"
1077,OFFICE SUPPLIES,Filing,"Generic Filing - Plastic, Green",Generic,441.2,"{""Material"": ""Plastic"", ""Color"": ""Green""}"
1078,OFFICE SUPPLIES,Filing,"Generic Filing - Plastic, Red",Generic,421.81,"{""Material"": ""Plastic"", ""Color"": ""Red""}"
1079,OFFICE SUPPLIES,Filing,"Generic Filing - Plastic, Black",Generic,448.78,"{""Material"": ""Plastic"", ""Color"": ""Black""}"
1080,OFFICE SUPPLIES,Filing,"Fellowes Filing - Cardboard, Blue",Fellowes,417.93,"{""Material"": ""Cardboard"", ""Color"": ""Blue""}"
1081,OFFICE SUPPLIES,Filing,"Fellowes Filing - Cardboard, Green",Fellowes,457.79,"{""Material"": ""Cardboard"", ""Color"": ""Green""}"
1082,OFFICE SUPPLIES,Filing,"Fellowes Filing - Cardboard, Red",Fellowes,464.95,"{""Material"": ""Cardboard"", ""Color"": ""Red""}"
1083,OFFICE SUPPLIES,Filing,"Fellowes Filing - Cardboard, Black",Fellowes,428.57,"{""Material"": ""Cardboard"", ""Color"": ""Black""}"
1084,OFFICE SUPPLIES,Filing,"Fellowes Filing - Plastic, Blue",Fellowes,458.15,"{""Material"": ""Plastic"", ""Color"": ""Blue""}"
1085,OFFICE SUPPLIES,Filing,"Fellowes Filing - Plastic, Green",Fellowes,435.17,"{""Material"": ""Plastic"", ""Color"": ""Green""}"
1086,OFFICE SUPPLIES,Filing,"Fellowes Filing - Plastic, Red",Fellowes,478.89,"{""Material"": ""Plastic"", ""Color"": ""Red""}"
1087,OFFICE SUPPLIES,Filing,"Fellowes Filing - Plastic, Black",Fellowes,456.18,"{""Material"": ""Plastic"", ""Color"": ""Black""}"
1088,SCHOOL SUPPLIES,Notebooks,"Generic Notebooks - 100, Lined",Generic,456.6,"{""Pages"": 100, ""Ruling"": ""Lined""}"
1089,SCHOOL SUPPLIES,Notebooks,"Generic Notebooks - 100, Blank",Generic,481.57,"{""Pages"": 100, ""Ruling"": ""Blank""}"
1090,SCHOOL SUPPLIES,Notebooks,"Generic Notebooks - 200, Lined",Generic,478.77,"{""Pages"": 200, ""Ruling"": ""Lined""}"
1091,SCHOOL SUPPLIES,Notebooks,"Generic Notebooks - 200, Blank",Generic,469.98,"{""Pages"": 200, ""Ruling"": ""Blank""}"
1092,SCHOOL SUPPLIES,Notebooks,"Classmate Notebooks - 100, Lined",Classmate,517.88,"{""Pages"": 100, ""Ruling"": ""Lined""}"
1093,SCHOOL SUPPLIES,Notebooks,"Classmate Notebooks - 100, Blank",Classmate,495.13,"{""Pages"": 100, ""Ruling"": ""Blank""}"
1094,SCHOOL SUPPLIES,Notebooks,"Classmate Notebooks - 200, Lined",Classmate,481.57,"{""Pages"": 200, ""Ruling"": ""Lined""}"
1095,SCHOOL SUPPLIES,Notebooks,"Classmate Notebooks - 200, Blank",Classmate,502.66,"{""Pages"": 200, ""Ruling"": ""Blank""}"
1096,SCHOOL SUPPLIES,Art Supplies,"Crayola Art Supplies - Crayons, 24",Crayola,496.0,"{""Type"": ""Crayons"", ""Count"": 24}"
1097,SCHOOL SUPPLIES,Art Supplies,"Crayola Art Supplies - Crayons, 48",Crayola,521.65,"{""Type"": ""Crayons"", ""Count"": 48}"
1098,SCHOOL SUPPLIES,Art Supplies,"Crayola Art Supplies - Crayons, 72",Crayola,515.33,"{""Type"": ""Crayons"", ""Count"": 72}"
1099,SCHOOL SUPPLIES,Art Supplies,"Crayola Art Supplies - Colored Pencils, 24",Crayola,528.94,"{""Type"": ""Colored Pencils"", ""Count"": 24}"
1100,SCHOOL SUPPLIES,Art Supplies,"Crayola Art Supplies - Colored Pencils, 48",Crayola,510.32,"{""Type"": ""Colored Pencils"", ""Count"": 48}"
1101,SCHOOL SUPPLIES,Art Supplies,"Crayola Art Supplies - Colored Pencils, 72",Crayola,530.96,"{""Type"": ""Colored Pencils"", ""Count"": 72}"
1102,SCHOOL SUPPLIES,Art Supplies,"Prismacolor Art Supplies - Crayons, 24",Prismacolor,556.4,"{""Type"": ""Crayons"", ""Count"": 24}"
1103,SCHOOL SUPPLIES,Art Supplies,"Prismacolor Art Supplies - Crayons, 48",Prismacolor,560.43,"{""Type"": ""Crayons"", ""Count"": 48}"
1104,SCHOOL SUPPLIES,Art Supplies,"Prismacolor Art Supplies - Crayons, 72",Prismacolor,537.84,"{""Type"": ""Crayons"", ""Count"": 72}"
1105,SCHOOL SUPPLIES,Art Supplies,"Prismacolor Art Supplies - Colored Pencils, 24",Prismacolor,571.83,"{""Type"": ""Colored Pencils"", ""Count"": 24}"
1106,SCHOOL SUPPLIES,Art Supplies,"Prismacolor Art Supplies - Colored Pencils, 48",Prismacolor,547.7,"{""Type"": ""Colored Pencils"", ""Count"": 48}"
1107,SCHOOL SUPPLIES,Art Supplies,"Prismacolor Art Supplies - Colored Pencils, 72",Prismacolor,573.89,"{""Type"": ""Colored Pencils"", ""Count"": 72}"
1108,COMPUTER SUPPLIES,Laptops,"Dell Laptops - Core i5, 8, 256",Dell,599.07,"{""CPU"": ""Core i5"", ""RAM_GB"": 8, ""Storage_GB"": 256}"
1109,COMPUTER SUPPLIES,Laptops,"Dell Laptops - Core i5, 8, 512",Dell,559.91,"{""CPU"": ""Core i5"", ""RAM_GB"": 8, ""Storage_GB"": 512}"
1110,COMPUTER SUPPLIES,Laptops,"Dell Laptops - Core i5, 8, 1024",Dell,586.83,"{""CPU"": ""Core i5"", ""RAM_GB"": 8, ""Storage_GB"": 1024}"
1111,COMPUTER SUPPLIES,Laptops,"Dell Laptops - Core i5, 16, 256",Dell,594.89,"{""CPU"": ""Core i5"", ""RAM_GB"": 16, ""Storage_GB"": 256}"
1112,COMPUTER SUPPLIES,Laptops,"Dell Laptops - Core i5, 16, 512",Dell,598.1,"{""CPU"": ""Core i5"", ""RAM_GB"": 16, ""Storage_GB"": 512}"
1113,COMPUTER SUPPLIES,Laptops,"Dell Laptops - Core i5, 16, 1024",Dell,576.95,"{""CPU"": ""Core i5"", ""RAM_GB"": 16, ""Storage_GB"": 1024}"
1114,COMPUTER SUPPLIES,Laptops,"Dell Laptops - Core i5, 32, 256",Dell,603.63,"{""CPU"": ""Core i5"", ""RAM_GB"": 32, ""Storage_GB"": 256}"
1115,COMPUTER SUPPLIES,Laptops,"Dell Laptops - Core i5, 32, 512",Dell,590.65,"{""CPU"": ""Core i5"", ""RAM_GB"": 32, ""Storage_GB"": 512}"
1116,COMPUTER SUPPLIES,Laptops,"Dell Laptops - Core i5, 32, 1024",Dell,597.39,"{""CPU"": ""Core i5"", ""RAM_GB"": 32, ""Storage_GB"": 1024}"
1117,COMPUTER SUPPLIES,Laptops,"Dell Laptops - Core i7, 8, 256",Dell,639.09,"{""CPU"": ""Core i7"", ""RAM_GB"": 8, ""Storage_GB"": 256}"
1118,COMPUTER SUPPLIES,Laptops,"Dell Laptops - Core i7, 8, 512",Dell,611.35,"{""CPU"": ""Core i7"", ""RAM_GB"": 8, ""Storage_GB"": 512}"
1119,COMPUTER SUPPLIES,Laptops,"Dell Laptops - Core i7, 8, 1024",Dell,612.88,"{""CPU"": ""Core i7"", ""RAM_GB"": 8, ""Storage_GB"": 1024}"
1120,COMPUTER SUPPLIES,Laptops,"Dell Laptops - Core i7, 16, 256",Dell,615.37,"{""CPU"": ""Core i7"", ""RAM_GB"": 16, ""Storage_GB"": 256}"
1121,COMPUTER SUPPLIES,Laptops,"Dell Laptops - Core i7, 16, 512",Dell,638.79,"{""CPU"": ""Core i7"", ""RAM_GB"": 16, ""Storage_GB"": 512}"
1122,COMPUTER SUPPLIES,Laptops,"Dell Laptops - Core i7, 16, 1024",Dell,664.82,"{""CPU"": ""Core i7"", ""RAM_GB"": 16, ""Storage_GB"": 1024}"
1123,COMPUTER SUPPLIES,Laptops,"Dell Laptops - Core i7, 32, 256",Dell,649.84,"{""CPU"": ""Core i7"", ""RAM_GB"": 32, ""Storage_GB"": 256}"
1124,COMPUTER SUPPLIES,Laptops,"Dell Laptops - Core i7, 32, 512",Dell,650.89,"{""CPU"": ""Core i7"", ""RAM_GB"": 32, ""Storage_GB"": 512}"
1125,COMPUTER SUPPLIES,Laptops,"Dell Laptops - Core i7, 32, 1024",Dell,642.45,"{""CPU"": ""Core i7"", ""RAM_GB"": 32, ""Storage_GB"": 1024}"
1126,COMPUTER SUPPLIES,Laptops,"Dell Laptops - Ryzen 7, 8, 256",Dell,665.08,"{""CPU"": ""Ryzen 7"", ""RAM_GB"": 8, ""Storage_GB"": 256}"
1127,COMPUTER SUPPLIES,Laptops,"Dell Laptops - Ryzen 7, 8, 512",Dell,690.65,"{""CPU"": ""Ryzen 7"", ""RAM_GB"": 8, ""Storage_GB"": 512}"
1128,COMPUTER SUPPLIES,Laptops,"Dell Laptops - Ryzen 7, 8, 1024",Dell,674.02,"{""CPU"": ""Ryzen 7"", ""RAM_GB"": 8, ""Storage_GB"": 1024}"
1129,COMPUTER SUPPLIES,Laptops,"Dell Laptops - Ryzen 7, 16, 256",Dell,688.43,"{""CPU"": ""Ryzen 7"", ""RAM_GB"": 16, ""Storage_GB"": 256}"
1130,COMPUTER SUPPLIES,Laptops,"Dell Laptops - Ryzen 7, 16, 512",Dell,698.56,"{""CPU"": ""Ryzen 7"", ""RAM_GB"": 16, ""Storage_GB"": 512}"
1131,COMPUTER SUPPLIES,Laptops,"Dell Laptops - Ryzen 7, 16, 1024",Dell,714.96,"{""CPU"": ""Ryzen 7"", ""RAM_GB"": 16, ""Storage_GB"": 1024}"
1132,COMPUTER SUPPLIES,Laptops,"Dell Laptops - Ryzen 7, 32, 256",Dell,717.11,"{""CPU"": ""Ryzen 7"", ""RAM_GB"": 32, ""Storage_GB"": 256}"
1133,COMPUTER SUPPLIES,Laptops,"Dell Laptops - Ryzen 7, 32, 512",Dell,685.82,"{""CPU"": ""Ryzen 7"", ""RAM_GB"": 32, ""Storage_GB"": 512}"
1134,COMPUTER SUPPLIES,Laptops,"Dell Laptops - Ryzen 7, 32, 1024",Dell,683.42,"{""CPU"": ""Ryzen 7"", ""RAM_GB"": 32, ""Storage_GB"": 1024}"
1135,COMPUTER SUPPLIES,Laptops,"Dell Laptops - M3, 8, 256",Dell,701.16,"{""CPU"": ""M3"", ""RAM_GB"": 8, ""Storage_GB"": 256}"
1136,COMPUTER SUPPLIES,Laptops,"Dell Laptops - M3, 8, 512",Dell,720.97,"{""CPU"": ""M3"", ""RAM_GB"": 8, ""Storage_GB"": 512}"
1137,COMPUTER SUPPLIES,Laptops,"Dell Laptops - M3, 8, 1024",Dell,715.72,"{""CPU"": ""M3"", ""RAM_GB"": 8, ""Storage_GB"": 1024}"
1138,COMPUTER SUPPLIES,Laptops,"Dell Laptops - M3, 16, 256",Dell,721.71,"{""CPU"": ""M3"", ""RAM_GB"": 16, ""Storage_GB"": 256}"
1139,COMPUTER SUPPLIES,Laptops,"Dell Laptops - M3, 16, 512",Dell,710.34,"{""CPU"": ""M3"", ""RAM_GB"": 16, ""Storage_GB"": 512}"
1140,COMPUTER SUPPLIES,Laptops,"Dell Laptops - M3, 16, 1024",Dell,739.97,"{""CPU"": ""M3"", ""RAM_GB"": 16, ""Storage_GB"": 1024}"
1141,COMPUTER SUPPLIES,Laptops,"Dell Laptops - M3, 32, 256",Dell,715.42,"{""CPU"": ""M3"", ""RAM_GB"": 32, ""Storage_GB"": 256}"
1142,COMPUTER SUPPLIES,Laptops,"Dell Laptops - M3, 32, 512",Dell,736.81,"{""CPU"": ""M3"", ""RAM_GB"": 32, ""Storage_GB"": 512}"
1143,COMPUTER SUPPLIES,Laptops,"Dell Laptops - M3, 32, 1024",Dell,743.18,"{""CPU"": ""M3"", ""RAM_GB"": 32, ""Storage_GB"": 1024}"
1144,COMPUTER SUPPLIES,Laptops,"HP Laptops - Core i5, 8, 256",HP,730.04,"{""CPU"": ""Core i5"", ""RAM_GB"": 8, ""Storage_GB"": 256}"
1145,COMPUTER SUPPLIES,Laptops,"HP Laptops - Core i5, 8, 512",HP,739.08,"{""CPU"": ""Core i5"", ""RAM_GB"": 8, ""Storage_GB"": 512}"
1146,COMPUTER SUPPLIES,Laptops,"HP Laptops - Core i5, 8, 1024",HP,754.47,"{""CPU"": ""Core i5"", ""RAM_GB"": 8, ""Storage_GB"": 1024}"
1147,COMPUTER SUPPLIES,Laptops,"HP Laptops - Core i5, 16, 256",HP,764.01,"{""CPU"": ""Core i5"", ""RAM_GB"": 16, ""Storage_GB"": 256}"
1148,COMPUTER SUPPLIES,Laptops,"HP Laptops - Core i5, 16, 512",HP,764.64,"{""CPU"": ""Core i5"", ""RAM_GB"": 16, ""Storage_GB"": 512}"
1149,COMPUTER SUPPLIES,Laptops,"HP Laptops - Core i5, 16, 1024",HP,760.32,"{""CPU"": ""Core i5"", ""RAM_GB"": 16, ""Storage_GB"": 1024}"
1150,COMPUTER SUPPLIES,Laptops,"HP Laptops - Core i5, 32, 256",HP,763.99,"{""CPU"": ""Core i5"", ""RAM_GB"": 32, ""Storage_GB"": 256}"
1151,COMPUTER SUPPLIES,Laptops,"HP Laptops - Core i5, 32, 512",HP,808.63,"{""CPU"": ""Core i5"", ""RAM_GB"": 32, ""Storage_GB"": 512}"
1152,COMPUTER SUPPLIES,Laptops,"HP Laptops - Core i5, 32, 1024",HP,791.06,"{""CPU"": ""Core i5"", ""RAM_GB"": 32, ""Storage_GB"": 1024}"
1153,COMPUTER SUPPLIES,Laptops,"HP Laptops - Core i7, 8, 256",HP,796.69,"{""CPU"": ""Core i7"", ""RAM_GB"": 8, ""Storage_GB"": 256}"
1154,COMPUTER SUPPLIES,Laptops,"HP Laptops - Core i7, 8, 512",HP,798.77,"{""CPU"": ""Core i7"", ""RAM_GB"": 8, ""Storage_GB"": 512}"
1155,COMPUTER SUPPLIES,Laptops,"HP Laptops - Core i7, 8, 1024",HP,818.33,"{""CPU"": ""Core i7"", ""RAM_GB"": 8, ""Storage_GB"": 1024}"
1156,COMPUTER SUPPLIES,Laptops,"HP Laptops - Core i7, 16, 256",HP,792.32,"{""CPU"": ""Core i7"", ""RAM_GB"": 16, ""Storage_GB"": 256}"
1157,COMPUTER SUPPLIES,Laptops,"HP Laptops - Core i7, 16, 512",HP,806.41,"{""CPU"": ""Core i7"", ""RAM_GB"": 16, ""Storage_GB"": 512}"
1158,COMPUTER SUPPLIES,Laptops,"HP Laptops - Core i7, 16, 1024",HP,844.95,"{""CPU"": ""Core i7"", ""RAM_GB"": 16, ""Storage_GB"": 1024}"
1159,COMPUTER SUPPLIES,Laptops,"HP Laptops - Core i7, 32, 256",HP,806.2,"{""CPU"": ""Core i7"", ""RAM_GB"": 32, ""Storage_GB"": 256}"
1160,COMPUTER SUPPLIES,Laptops,"HP Laptops - Core i7, 32, 512",HP,830.22,"{""CPU"": ""Core i7"", ""RAM_GB"": 32, ""Storage_GB"": 512}"
1161,COMPUTER SUPPLIES,Laptops,"HP Laptops - Core i7, 32, 1024",HP,829.46,"{""CPU"": ""Core i7"", ""RAM_GB"": 32, ""Storage_GB"": 1024}"
1162,COMPUTER SUPPLIES,Laptops,"HP Laptops - Ryzen 7, 8, 256",HP,848.17,"{""CPU"": ""Ryzen 7"", ""RAM_GB"": 8, ""Storage_GB"": 256}"
1163,COMPUTER SUPPLIES,Laptops,"HP Laptops - Ryzen 7, 8, 512",HP,840.74,"{""CPU"": ""Ryzen 7"", ""RAM_GB"": 8, ""Storage_GB"": 512}"
1164,COMPUTER SUPPLIES,Laptops,"HP Laptops - Ryzen 7, 8, 1024",HP,834.45,"{""CPU"": ""Ryzen 7"", ""RAM_GB"": 8, ""Storage_GB"": 1024}"
1165,COMPUTER SUPPLIES,Laptops,"HP Laptops - Ryzen 7, 16, 256",HP,883.67,"{""CPU"": ""Ryzen 7"", ""RAM_GB"": 16, ""Storage_GB"": 256}"
1166,COMPUTER SUPPLIES,Laptops,"HP Laptops - Ryzen 7, 16, 512",HP,889.97,"{""CPU"": ""Ryzen 7"", ""RAM_GB"": 16, ""Storage_GB"": 512}"
1167,COMPUTER SUPPLIES,Laptops,"HP Laptops - Ryzen 7, 16, 1024",HP,872.05,"{""CPU"": ""Ryzen 7"", ""RAM_GB"": 16, ""Storage_GB"": 1024}"
1168,COMPUTER SUPPLIES,Laptops,"HP Laptops - Ryzen 7, 32, 256",HP,871.41,"{""CPU"": ""Ryzen 7"", ""RAM_GB"": 32, ""Storage_GB"": 256}"
1169,COMPUTER SUPPLIES,Laptops,"HP Laptops - Ryzen 7, 32, 512",HP,864.22,"{""CPU"": ""Ryzen 7"", ""RAM_GB"": 32, ""Storage_GB"": 512}"
1170,COMPUTER SUPPLIES,Laptops,"HP Laptops - Ryzen 7, 32, 1024",HP,909.49,"{""CPU"": ""Ryzen 7"", ""RAM_GB"": 32, ""Storage_GB"": 1024}"
1171,COMPUTER SUPPLIES,Laptops,"HP Laptops - M3, 8, 256",HP,872.74,"{""CPU"": ""M3"", ""RAM_GB"": 8, ""Storage_GB"": 256}"
1172,COMPUTER SUPPLIES,Laptops,"HP Laptops - M3, 8, 512",HP,903.38,"{""CPU"": ""M3"", ""RAM_GB"": 8, ""Storage_GB"": 512}"
1173,COMPUTER SUPPLIES,Laptops,"HP Laptops - M3, 8, 1024",HP,907.11,"{""CPU"": ""M3"", ""RAM_GB"": 8, ""Storage_GB"": 1024}"
1174,COMPUTER SUPPLIES,Laptops,"HP Laptops - M3, 16, 256",HP,905.29,"{""CPU"": ""M3"", ""RAM_GB"": 16, ""Storage_GB"": 256}"
1175,COMPUTER SUPPLIES,Laptops,"HP Laptops - M3, 16, 512",HP,927.06,"{""CPU"": ""M3"", ""RAM_GB"": 16, ""Storage_GB"": 512}"
1176,COMPUTER SUPPLIES,Laptops,"HP Laptops - M3, 16, 1024",HP,900.55,"{""CPU"": ""M3"", ""RAM_GB"": 16, ""Storage_GB"": 1024}"
1177,COMPUTER SUPPLIES,Laptops,"HP Laptops - M3, 32, 256",HP,902.2,"{""CPU"": ""M3"", ""RAM_GB"": 32, ""Storage_GB"": 256}"
1178,COMPUTER SUPPLIES,Laptops,"HP Laptops - M3, 32, 512",HP,903.32,"{""CPU"": ""M3"", ""RAM_GB"": 32, ""Storage_GB"": 512}"
1179,COMPUTER SUPPLIES,Laptops,"HP Laptops - M3, 32, 1024",HP,952.28,"{""CPU"": ""M3"", ""RAM_GB"": 32, ""Storage_GB"": 1024}"
1180,COMPUTER SUPPLIES,Laptops,"Lenovo Laptops - Core i5, 8, 256",Lenovo,928.2,"{""CPU"": ""Core i5"", ""RAM_GB"": 8, ""Storage_GB"": 256}"
1181,COMPUTER SUPPLIES,Laptops,"Lenovo Laptops - Core i5, 8, 512",Lenovo,928.11,"{""CPU"": ""Core i5"", ""RAM_GB"": 8, ""Storage_GB"": 512}"
1182,COMPUTER SUPPLIES,Laptops,"Lenovo Laptops - Core i5, 8, 1024",Lenovo,947.64,"{""CPU"": ""Core i5"", ""RAM_GB"": 8, ""Storage_GB"": 1024}"
1183,COMPUTER SUPPLIES,Laptops,"Lenovo Laptops - Core i5, 16, 256",Lenovo,933.1,"{""CPU"": ""Core i5"", ""RAM_GB"": 16, ""Storage_GB"": 256}"
1184,COMPUTER SUPPLIES,Laptops,"Lenovo Laptops - Core i5, 16, 512",Lenovo,946.29,"{""CPU"": ""Core i5"", ""RAM_GB"": 16, ""Storage_GB"": 512}"
1185,COMPUTER SUPPLIES,Laptops,"Lenovo Laptops - Core i5, 16, 1024",Lenovo,950.44,"{""CPU"": ""Core i5"", ""RAM_GB"": 16, ""Storage_GB"": 1024}"
1186,COMPUTER SUPPLIES,Laptops,"Lenovo Laptops - Core i5, 32, 256",Lenovo,977.26,"{""CPU"": ""Core i5"", ""RAM_GB"": 32, ""Storage_GB"": 256}"
1187,COMPUTER SUPPLIES,Laptops,"Lenovo Laptops - Core i5, 32, 512",Lenovo,972.28,"{""CPU"": ""Core i5"", ""RAM_GB"": 32, ""Storage_GB"": 512}"
1188,COMPUTER SUPPLIES,Laptops,"Lenovo Laptops - Core i5, 32, 1024",Lenovo,977.88,"{""CPU"": ""Core i5"", ""RAM_GB"": 32, ""Storage_GB"": 1024}"
1189,COMPUTER SUPPLIES,Laptops,"Lenovo Laptops - Core i7, 8, 256",Lenovo,956.36,"{""CPU"": ""Core i7"", ""RAM_GB"": 8, ""Storage_GB"": 256}"
1190,COMPUTER SUPPLIES,Laptops,"Lenovo Laptops - Core i7, 8, 512",Lenovo,968.41,"{""CPU"": ""Core i7"", ""RAM_GB"": 8, ""Storage_GB"": 512}"
1191,COMPUTER SUPPLIES,Laptops,"Lenovo Laptops - Core i7, 8, 1024",Lenovo,993.81,"{""CPU"": ""Core i7"", ""RAM_GB"": 8, ""Storage_GB"": 1024}"
1192,COMPUTER SUPPLIES,Laptops,"Lenovo Laptops - Core i7, 16, 256",Lenovo,999.29,"{""CPU"": ""Core i7"", ""RAM_GB"": 16, ""Storage_GB"": 256}"
1193,COMPUTER SUPPLIES,Laptops,"Lenovo Laptops - Core i7, 16, 512",Lenovo,1015.67,"{""CPU"": ""Core i7"", ""RAM_GB"": 16, ""Storage_GB"": 512}"
1194,COMPUTER SUPPLIES,Laptops,"Lenovo Laptops - Core i7, 16, 1024",Lenovo,981.38,"{""CPU"": ""Core i7"", ""RAM_GB"": 16, ""Storage_GB"": 1024}"
1195,COMPUTER SUPPLIES,Laptops,"Lenovo Laptops - Core i7, 32, 256",Lenovo,1033.03,"{""CPU"": ""Core i7"", ""RAM_GB"": 32, ""Storage_GB"": 256}"
1196,COMPUTER SUPPLIES,Laptops,"Lenovo Laptops - Core i7, 32, 512",Lenovo,1036.73,"{""CPU"": ""Core i7"", ""RAM_GB"": 32, ""Storage_GB"": 512}"
1197,COMPUTER SUPPLIES,Laptops,"Lenovo Laptops - Core i7, 32, 1024",Lenovo,1034.15,"{""CPU"": ""Core i7"", ""RAM_GB"": 32, ""Storage_GB"": 1024}"
1198,COMPUTER SUPPLIES,Laptops,"Lenovo Laptops - Ryzen 7, 8, 256",Lenovo,1045.2,"{""CPU"": ""Ryzen 7"", ""RAM_GB"": 8, ""Storage_GB"": 256}"
1199,COMPUTER SUPPLIES,Laptops,"Lenovo Laptops - Ryzen 7, 8, 512",Lenovo,1041.92,"{""CPU"": ""Ryzen 7"", ""RAM_GB"": 8, ""Storage_GB"": 512}"
1200,COMPUTER SUPPLIES,Laptops,"Lenovo Laptops - Ryzen 7, 8, 1024",Lenovo,10.71,"{""CPU"": ""Ryzen 7"", ""RAM_GB"": 8, ""Storage_GB"": 1024}"
1201,COMPUTER SUPPLIES,Laptops,"Lenovo Laptops - Ryzen 7, 16, 256",Lenovo,42.08,"{""CPU"": ""Ryzen 7"", ""RAM_GB"": 16, ""Storage_GB"": 256}"
1202,COMPUTER SUPPLIES,Laptops,"Lenovo Laptops - Ryzen 7, 16, 512",Lenovo,47.91,"{""CPU"": ""Ryzen 7"", ""RAM_GB"": 16, ""Storage_GB"": 512}"
1203,COMPUTER SUPPLIES,Laptops,"Lenovo Laptops - Ryzen 7, 16, 1024",Lenovo,61.13,"{""CPU"": ""Ryzen 7"", ""RAM_GB"": 16, ""Storage_GB"": 1024}"
1204,COMPUTER SUPPLIES,Laptops,"Lenovo Laptops - Ryzen 7, 32, 256",Lenovo,64.04,"{""CPU"": ""Ryzen 7"", ""RAM_GB"": 32, ""Storage_GB"": 256}"
1205,COMPUTER SUPPLIES,Laptops,"Lenovo Laptops - Ryzen 7, 32, 512",Lenovo,53.87,"{""CPU"": ""Ryzen 7"", ""RAM_GB"": 32, ""Storage_GB"": 512}"
1206,COMPUTER SUPPLIES,Laptops,"Lenovo Laptops - Ryzen 7, 32, 1024",Lenovo,48.47,"{""CPU"": ""Ryzen 7"", ""RAM_GB"": 32, ""Storage_GB"": 1024}"
1207,COMPUTER SUPPLIES,Laptops,"Lenovo Laptops - M3, 8, 256",Lenovo,46.66,"{""CPU"": ""M3"", ""RAM_GB"": 8, ""Storage_GB"": 256}"
1208,COMPUTER SUPPLIES,Laptops,"Lenovo Laptops - M3, 8, 512",Lenovo,78.3,"{""CPU"": ""M3"", ""RAM_GB"": 8, ""Storage_GB"": 512}"
1209,COMPUTER SUPPLIES,Laptops,"Lenovo Laptops - M3, 8, 1024",Lenovo,75.12,"{""CPU"": ""M3"", ""RAM_GB"": 8, ""Storage_GB"": 1024}"
1210,COMPUTER SUPPLIES,Laptops,"Lenovo Laptops - M3, 16, 256",Lenovo,98.97,"{""CPU"": ""M3"", ""RAM_GB"": 16, ""Storage_GB"": 256}"
1211,COMPUTER SUPPLIES,Laptops,"Lenovo Laptops - M3, 16, 512",Lenovo,86.16,"{""CPU"": ""M3"", ""RAM_GB"": 16, ""Storage_GB"": 512}"
1212,COMPUTER SUPPLIES,Laptops,"Lenovo Laptops - M3, 16, 1024",Lenovo,103.01,"{""CPU"": ""M3"", ""RAM_GB"": 16, ""Storage_GB"": 1024}"
1213,COMPUTER SUPPLIES,Laptops,"Lenovo Laptops - M3, 32, 256",Lenovo,118.1,"{""CPU"": ""M3"", ""RAM_GB"": 32, ""Storage_GB"": 256}"
1214,COMPUTER SUPPLIES,Laptops,"Lenovo Laptops - M3, 32, 512",Lenovo,116.3,"{""CPU"": ""M3"", ""RAM_GB"": 32, ""Storage_GB"": 512}"
1215,COMPUTER SUPPLIES,Laptops,"Lenovo Laptops - M3, 32, 1024",Lenovo,91.13,"{""CPU"": ""M3"", ""RAM_GB"": 32, ""Storage_GB"": 1024}"
1216,COMPUTER SUPPLIES,Laptops,"Apple Laptops - Core i5, 8, 256",Apple,116.99,"{""CPU"": ""Core i5"", ""RAM_GB"": 8, ""Storage_GB"": 256}"
1217,COMPUTER SUPPLIES,Laptops,"Apple Laptops - Core i5, 8, 512",Apple,102.48,"{""CPU"": ""Core i5"", ""RAM_GB"": 8, ""Storage_GB"": 512}"
1218,COMPUTER SUPPLIES,Laptops,"Apple Laptops - Core i5, 8, 1024",Apple,112.79,"{""CPU"": ""Core i5"", ""RAM_GB"": 8, ""Storage_GB"": 1024}"
1219,COMPUTER SUPPLIES,Laptops,"Apple Laptops - Core i5, 16, 256",Apple,123.81,"{""CPU"": ""Core i5"", ""RAM_GB"": 16, ""Storage_GB"": 256}"
1220,COMPUTER SUPPLIES,Laptops,"Apple Laptops - Core i5, 16, 512",Apple,138.77,"{""CPU"": ""Core i5"", ""RAM_GB"": 16, ""Storage_GB"": 512}"
1221,COMPUTER SUPPLIES,Laptops,"Apple Laptops - Core i5, 16, 1024",Apple,141.9,"{""CPU"": ""Core i5"", ""RAM_GB"": 16, ""Storage_GB"": 1024}"
1222,COMPUTER SUPPLIES,Laptops,"Apple Laptops - Core i5, 32, 256",Apple,147.36,"{""CPU"": ""Core i5"", ""RAM_GB"": 32, ""Storage_GB"": 256}"
1223,COMPUTER SUPPLIES,Laptops,"Apple Laptops - Core i5, 32, 512",Apple,166.37,"{""CPU"": ""Core i5"", ""RAM_GB"": 32, ""Storage_GB"": 512}"
1224,COMPUTER SUPPLIES,Laptops,"Apple Laptops - Core i5, 32, 1024",Apple,165.22,"{""CPU"": ""Core i5"", ""RAM_GB"": 32, ""Storage_GB"": 1024}"
1225,COMPUTER SUPPLIES,Laptops,"Apple Laptops - Core i7, 8, 256",Apple,162.19,"{""CPU"": ""Core i7"", ""RAM_GB"": 8, ""Storage_GB"": 256}"
1226,COMPUTER SUPPLIES,Laptops,"Apple Laptops - Core i7, 8, 512",Apple,154.75,"{""CPU"": ""Core i7"", ""RAM_GB"": 8, ""Storage_GB"": 512}"
1227,COMPUTER SUPPLIES,Laptops,"Apple Laptops - Core i7, 8, 1024",Apple,163.11,"{""CPU"": ""Core i7"", ""RAM_GB"": 8, ""Storage_GB"": 1024}"
1228,COMPUTER SUPPLIES,Laptops,"Apple Laptops - Core i7, 16, 256",Apple,193.98,"{""CPU"": ""Core i7"", ""RAM_GB"": 16, ""Storage_GB"": 256}"
1229,COMPUTER SUPPLIES,Laptops,"Apple Laptops - Core i7, 16, 512",Apple,196.85,"{""CPU"": ""Core i7"", ""RAM_GB"": 16, ""Storage_GB"": 512}"
1230,COMPUTER SUPPLIES,Laptops,"Apple Laptops - Core i7, 16, 1024",Apple,165.74,"{""CPU"": ""Core i7"", ""RAM_GB"": 16, ""Storage_GB"": 1024}"
1231,COMPUTER SUPPLIES,Laptops,"Apple Laptops - Core i7, 32, 256",Apple,197.92,"{""CPU"": ""Core i7"", ""RAM_GB"": 32, ""Storage_GB"": 256}"
1232,COMPUTER SUPPLIES,Laptops,"Apple Laptops - Core i7, 32, 512",Apple,179.01,"{""CPU"": ""Core i7"", ""RAM_GB"": 32, ""Storage_GB"": 512}"
1233,COMPUTER SUPPLIES,Laptops,"Apple Laptops - Core i7, 32, 1024",Apple,200.08,"{""CPU"": ""Core i7"", ""RAM_GB"": 32, ""Storage_GB"": 1024}"
1234,COMPUTER SUPPLIES,Laptops,"Apple Laptops - Ryzen 7, 8, 256",Apple,209.93,"{""CPU"": ""Ryzen 7"", ""RAM_GB"": 8, ""Storage_GB"": 256}"
1235,COMPUTER SUPPLIES,Laptops,"Apple Laptops - Ryzen 7, 8, 512",Apple,214.37,"{""CPU"": ""Ryzen 7"", ""RAM_GB"": 8, ""Storage_GB"": 512}"
1236,COMPUTER SUPPLIES,Laptops,"Apple Laptops - Ryzen 7, 8, 1024",Apple,217.51,"{""CPU"": ""Ryzen 7"", ""RAM_GB"": 8, ""Storage_GB"": 1024}"
1237,COMPUTER SUPPLIES,Laptops,"Apple Laptops - Ryzen 7, 16, 256",Apple,240.22,"{""CPU"": ""Ryzen 7"", ""RAM_GB"": 16, ""Storage_GB"": 256}"
1238,COMPUTER SUPPLIES,Laptops,"Apple Laptops - Ryzen 7, 16, 512",Apple,226.63,"{""CPU"": ""Ryzen 7"", ""RAM_GB"": 16, ""Storage_GB"": 512}"
1239,COMPUTER SUPPLIES,Laptops,"Apple Laptops - Ryzen 7, 16, 1024",Apple,238.2,"{""CPU"": ""Ryzen 7"", ""RAM_GB"": 16, ""Storage_GB"": 1024}"
1240,COMPUTER SUPPLIES,Laptops,"Apple Laptops - Ryzen 7, 32, 256",Apple,246.63,"{""CPU"": ""Ryzen 7"", ""RAM_GB"": 32, ""Storage_GB"": 256}"
1241,COMPUTER SUPPLIES,Laptops,"Apple Laptops - Ryzen 7, 32, 512",Apple,226.97,"{""CPU"": ""Ryzen 7"", ""RAM_GB"": 32, ""Storage_GB"": 512}"
1242,COMPUTER SUPPLIES,Laptops,"Apple Laptops - Ryzen 7, 32, 1024",Apple,268.32,"{""CPU"": ""Ryzen 7"", ""RAM_GB"": 32, ""Storage_GB"": 1024}"
1243,COMPUTER SUPPLIES,Laptops,"Apple Laptops - M3, 8, 256",Apple,264.33,"{""CPU"": ""M3"", ""RAM_GB"": 8, ""Storage_GB"": 256}"
1244,COMPUTER SUPPLIES,Laptops,"Apple Laptops - M3, 8, 512",Apple,256.52,"{""CPU"": ""M3"", ""RAM_GB"": 8, ""Storage_GB"": 512}"
1245,COMPUTER SUPPLIES,Laptops,"Apple Laptops - M3, 8, 1024",Apple,238.35,"{""CPU"": ""M3"", ""RAM_GB"": 8, ""Storage_GB"": 1024}"
1246,COMPUTER SUPPLIES,Laptops,"Apple Laptops - M3, 16, 256",Apple,254.74,"{""CPU"": ""M3"", ""RAM_GB"": 16, ""Storage_GB"": 256}"
1247,COMPUTER SUPPLIES,Laptops,"Apple Laptops - M3, 16, 512",Apple,262.53,"{""CPU"": ""M3"", ""RAM_GB"": 16, ""Storage_GB"": 512}"
1248,COMPUTER SUPPLIES,Laptops,"Apple Laptops - M3, 16, 1024",Apple,299.96,"{""CPU"": ""M3"", ""RAM_GB"": 16, ""Storage_GB"": 1024}"
1249,COMPUTER SUPPLIES,Laptops,"Apple Laptops - M3, 32, 256",Apple,284.3,"{""CPU"": ""M3"", ""RAM_GB"": 32, ""Storage_GB"": 256}"
1250,COMPUTER SUPPLIES,Laptops,"Apple Laptops - M3, 32, 512",Apple,288.49,"{""CPU"": ""M3"", ""RAM_GB"": 32, ""Storage_GB"": 512}"
1251,COMPUTER SUPPLIES,Laptops,"Apple Laptops - M3, 32, 1024",Apple,301.04,"{""CPU"": ""M3"", ""RAM_GB"": 32, ""Storage_GB"": 1024}"
1252,COMPUTER SUPPLIES,Accessories,"Logitech Accessories - Mouse, Wired",Logitech,309.08,"{""Type"": ""Mouse"", ""Connectivity"": ""Wired""}"
1253,COMPUTER SUPPLIES,Accessories,"Logitech Accessories - Mouse, Wireless",Logitech,310.59,"{""Type"": ""Mouse"", ""Connectivity"": ""Wireless""}"
1254,COMPUTER SUPPLIES,Accessories,"Logitech Accessories - Keyboard, Wired",Logitech,290.31,"{""Type"": ""Keyboard"", ""Connectivity"": ""Wired""}"
1255,COMPUTER SUPPLIES,Accessories,"Logitech Accessories - Keyboard, Wireless",Logitech,288.77,"{""Type"": ""Keyboard"", ""Connectivity"": ""Wireless""}"
1256,COMPUTER SUPPLIES,Accessories,"Logitech Accessories - Webcam, Wired",Logitech,309.97,"{""Type"": ""Webcam"", ""Connectivity"": ""Wired""}"
1257,COMPUTER SUPPLIES,Accessories,"Logitech Accessories - Webcam, Wireless",Logitech,318.59,"{""Type"": ""Webcam"", ""Connectivity"": ""Wireless""}"
1258,COMPUTER SUPPLIES,Accessories,"Logitech Accessories - Headset, Wired",Logitech,306.8,"{""Type"": ""Headset"", ""Connectivity"": ""Wired""}"
1259,COMPUTER SUPPLIES,Accessories,"Logitech Accessories - Headset, Wireless",Logitech,328.65,"{""Type"": ""Headset"", ""Connectivity"": ""Wireless""}"
1260,COMPUTER SUPPLIES,Accessories,"Razer Accessories - Mouse, Wired",Razer,331.24,"{""Type"": ""Mouse"", ""Connectivity"": ""Wired""}"
1261,COMPUTER SUPPLIES,Accessories,"Razer Accessories - Mouse, Wireless",Razer,363.36,"{""Type"": ""Mouse"", ""Connectivity"": ""Wireless""}"
1262,COMPUTER SUPPLIES,Accessories,"Razer Accessories - Keyboard, Wired",Razer,321.22,"{""Type"": ""Keyboard"", ""Connectivity"": ""Wired""}"
1263,COMPUTER SUPPLIES,Accessories,"Razer Accessories - Keyboard, Wireless",Razer,330.97,"{""Type"": ""Keyboard"", ""Connectivity"": ""Wireless""}"
1264,COMPUTER SUPPLIES,Accessories,"Razer Accessories - Webcam, Wired",Razer,338.44,"{""Type"": ""Webcam"", ""Connectivity"": ""Wired""}"
1265,COMPUTER SUPPLIES,Accessories,"Razer Accessories - Webcam, Wireless",Razer,362.5,"{""Type"": ""Webcam"", ""Connectivity"": ""Wireless""}"
1266,COMPUTER SUPPLIES,Accessories,"Razer Accessories - Headset, Wired",Razer,387.97,"{""Type"": ""Headset"", ""Connectivity"": ""Wired""}"
1267,COMPUTER SUPPLIES,Accessories,"Razer Accessories - Headset, Wireless",Razer,373.1,"{""Type"": ""Headset"", ""Connectivity"": ""Wireless""}"
1268,COMPUTER SUPPLIES,Accessories,"Anker Accessories - Mouse, Wired",Anker,396.11,"{""Type"": ""Mouse"", ""Connectivity"": ""Wired""}"
1269,COMPUTER SUPPLIES,Accessories,"Anker Accessories - Mouse, Wireless",Anker,383.01,"{""Type"": ""Mouse"", ""Connectivity"": ""Wireless""}"
1270,COMPUTER SUPPLIES,Accessories,"Anker Accessories - Keyboard, Wired",Anker,403.19,"{""Type"": ""Keyboard"", ""Connectivity"": ""Wired""}"
1271,COMPUTER SUPPLIES,Accessories,"Anker Accessories - Keyboard, Wireless",Anker,380.62,"{""Type"": ""Keyboard"", ""Connectivity"": ""Wireless""}"
1272,COMPUTER SUPPLIES,Accessories,"Anker Accessories - Webcam, Wired",Anker,418.41,"{""Type"": ""Webcam"", ""Connectivity"": ""Wired""}"
1273,COMPUTER SUPPLIES,Accessories,"Anker Accessories - Webcam, Wireless",Anker,415.04,"{""Type"": ""Webcam"", ""Connectivity"": ""Wireless""}"
1274,COMPUTER SUPPLIES,Accessories,"Anker Accessories - Headset, Wired",Anker,400.68,"{""Type"": ""Headset"", ""Connectivity"": ""Wired""}"
1275,COMPUTER SUPPLIES,Accessories,"Anker Accessories - Headset, Wireless",Anker,422.74,"{""Type"": ""Headset"", ""Connectivity"": ""Wireless""}"
1276,COMPUTER SUPPLIES,Monitors,"Dell Monitors - 24, FHD",Dell,409.84,"{""Screen_in"": 24, ""Resolution"": ""FHD""}"
1277,COMPUTER SUPPLIES,Monitors,"Dell Monitors - 24, QHD",Dell,395.17,"{""Screen_in"": 24, ""Resolution"": ""QHD""}"
1278,COMPUTER SUPPLIES,Monitors,"Dell Monitors - 24, 4K",Dell,405.9,"{""Screen_in"": 24, ""Resolution"": ""4K""}"
1279,COMPUTER SUPPLIES,Monitors,"Dell Monitors - 27, FHD",Dell,415.41,"{""Screen_in"": 27, ""Resolution"": ""FHD""}"
1280,COMPUTER SUPPLIES,Monitors,"Dell Monitors - 27, QHD",Dell,431.34,"{""Screen_in"": 27, ""Resolution"": ""QHD""}"
1281,COMPUTER SUPPLIES,Monitors,"Dell Monitors - 27, 4K",Dell,458.6,"{""Screen_in"": 27, ""Resolution"": ""4K""}"
1282,COMPUTER SUPPLIES,Monitors,"Dell Monitors - 32, FHD",Dell,426.28,"{""Screen_in"": 32, ""Resolution"": ""FHD""}"
1283,COMPUTER SUPPLIES,Monitors,"Dell Monitors - 32, QHD",Dell,471.14,"{""Screen_in"": 32, ""Resolution"": ""QHD""}"
1284,COMPUTER SUPPLIES,Monitors,"Dell Monitors - 32, 4K",Dell,475.43,"{""Screen_in"": 32, ""Resolution"": ""4K""}"
1285,COMPUTER SUPPLIES,Monitors,"Samsung Monitors - 24, FHD",Samsung,473.72,"{""Screen_in"": 24, ""Resolution"": ""FHD""}"
1286,COMPUTER SUPPLIES,Monitors,"Samsung Monitors - 24, QHD",Samsung,456.74,"{""Screen_in"": 24, ""Resolution"": ""QHD""}"
1287,COMPUTER SUPPLIES,Monitors,"Samsung Monitors - 24, 4K",Samsung,485.51,"{""Screen_in"": 24, ""Resolution"": ""4K""}"
1288,COMPUTER SUPPLIES,Monitors,"Samsung Monitors - 27, FHD",Samsung,465.8,"{""Screen_in"": 27, ""Resolution"": ""FHD""}"
1289,COMPUTER SUPPLIES,Monitors,"Samsung Monitors - 27, QHD",Samsung,473.63,"{""Screen_in"": 27, ""Resolution"": ""QHD""}"
1290,COMPUTER SUPPLIES,Monitors,"Samsung Monitors - 27, 4K",Samsung,490.63,"{""Screen_in"": 27, ""Resolution"": ""4K""}"
1291,COMPUTER SUPPLIES,Monitors,"Samsung Monitors - 32, FHD",Samsung,477.47,"{""Screen_in"": 32, ""Resolution"": ""FHD""}"
1292,COMPUTER SUPPLIES,Monitors,"Samsung Monitors - 32, QHD",Samsung,495.87,"{""Screen_in"": 32, ""Resolution"": ""QHD""}"
1293,COMPUTER SUPPLIES,Monitors,"Samsung Monitors - 32, 4K",Samsung,514.85,"{""Screen_in"": 32, ""Resolution"": ""4K""}"
1294,COMPUTER SUPPLIES,Monitors,"LG Monitors - 24, FHD",LG,492.11,"{""Screen_in"": 24, ""Resolution"": ""FHD""}"
1295,COMPUTER SUPPLIES,Monitors,"LG Monitors - 24, QHD",LG,519.43,"{""Screen_in"": 24, ""Resolution"": ""QHD""}"
1296,COMPUTER SUPPLIES,Monitors,"LG Monitors - 24, 4K",LG,512.26,"{""Screen_in"": 24, ""Resolution"": ""4K""}"
1297,COMPUTER SUPPLIES,Monitors,"LG Monitors - 27, FHD",LG,543.37,"{""Screen_in"": 27, ""Resolution"": ""FHD""}"
1298,COMPUTER SUPPLIES,Monitors,"LG Monitors - 27, QHD",LG,511.79,"{""Screen_in"": 27, ""Resolution"": ""QHD""}"
1299,COMPUTER SUPPLIES,Monitors,"LG Monitors - 27, 4K",LG,543.77,"{""Screen_in"": 27, ""Resolution"": ""4K""}"
1300,COMPUTER SUPPLIES,Monitors,"LG Monitors - 32, FHD",LG,531.37,"{""Screen_in"": 32, ""Resolution"": ""FHD""}"
1301,COMPUTER SUPPLIES,Monitors,"LG Monitors - 32, QHD",LG,562.56,"{""Screen_in"": 32, ""Resolution"": ""QHD""}"
1302,COMPUTER SUPPLIES,Monitors,"LG Monitors - 32, 4K",LG,550.97,"{""Screen_in"": 32, ""Resolution"": ""4K""}"
1303,COMPUTER SUPPLIES,Printers,"HP Printers - InkJet, Print-Only",HP,560.42,"{""Technology"": ""InkJet"", ""Function"": ""Print-Only""}"
1304,COMPUTER SUPPLIES,Printers,"HP Printers - InkJet, All-in-One",HP,535.49,"{""Technology"": ""InkJet"", ""Function"": ""All-in-One""}"
1305,COMPUTER SUPPLIES,Printers,"HP Printers - Laser, Print-Only",HP,565.8,"{""Technology"": ""Laser"", ""Function"": ""Print-Only""}"
1306,COMPUTER SUPPLIES,Printers,"HP Printers - Laser, All-in-One",HP,575.99,"{""Technology"": ""Laser"", ""Function"": ""All-in-One""}"
1307,COMPUTER SUPPLIES,Printers,"Canon Printers - InkJet, Print-Only",Canon,571.28,"{""Technology"": ""InkJet"", ""Function"": ""Print-Only""}"
1308,COMPUTER SUPPLIES,Printers,"Canon Printers - InkJet, All-in-One",Canon,576.08,"{""Technology"": ""InkJet"", ""Function"": ""All-in-One""}"
1309,COMPUTER SUPPLIES,Printers,"Canon Printers - Laser, Print-Only",Canon,565.38,"{""Technology"": ""Laser"", ""Function"": ""Print-Only""}"
1310,COMPUTER SUPPLIES,Printers,"Canon Printers - Laser, All-in-One",Canon,568.26,"{""Technology"": ""Laser"", ""Function"": ""All-in-One""}"
1311,COMPUTER SUPPLIES,Printers,"Brother Printers - InkJet, Print-Only",Brother,565.55,"{""Technology"": ""InkJet"", ""Function"": ""Print-Only""}"
1312,COMPUTER SUPPLIES,Printers,"Brother Printers - InkJet, All-in-One",Brother,608.04,"{""Technology"": ""InkJet"", ""Function"": ""All-in-One""}"
1313,COMPUTER SUPPLIES,Printers,"Brother Printers - Laser, Print-Only",Brother,590.39,"{""Technology"": ""Laser"", ""Function"": ""Print-Only""}"
1314,COMPUTER SUPPLIES,Printers,"Brother Printers - Laser, All-in-One",Brother,603.27,"{""Technology"": ""Laser"", ""Function"": ""All-in-One""}"
1315,COMPUTER SUPPLIES,Networking,"TP-Link Networking - Router, 1",TP-Link,595.12,"{""Type"": ""Router"", ""Speed_Gbps"": 1}"
1316,COMPUTER SUPPLIES,Networking,"TP-Link Networking - Router, 2.5",TP-Link,614.73,"{""Type"": ""Router"", ""Speed_Gbps"": 2.5}"
1317,COMPUTER SUPPLIES,Networking,"TP-Link Networking - Switch, 1",TP-Link,603.37,"{""Type"": ""Switch"", ""Speed_Gbps"": 1}"
1318,COMPUTER SUPPLIES,Networking,"TP-Link Networking - Switch, 2.5",TP-Link,645.08,"{""Type"": ""Switch"", ""Speed_Gbps"": 2.5}"
1319,COMPUTER SUPPLIES,Networking,"TP-Link Networking - Ethernet Cable, 1",TP-Link,617.69,"{""Type"": ""Ethernet Cable"", ""Speed_Gbps"": 1}"
1320,COMPUTER SUPPLIES,Networking,"TP-Link Networking - Ethernet Cable, 2.5",TP-Link,639.34,"{""Type"": ""Ethernet Cable"", ""Speed_Gbps"": 2.5}"
1321,COMPUTER SUPPLIES,Networking,"Netgear Networking - Router, 1",Netgear,617.38,"{""Type"": ""Router"", ""Speed_Gbps"": 1}"
1322,COMPUTER SUPPLIES,Networking,"Netgear Networking - Router, 2.5",Netgear,625.08,"{""Type"": ""Router"", ""Speed_Gbps"": 2.5}"
1323,COMPUTER SUPPLIES,Networking,"Netgear Networking - Switch, 1",Netgear,640.11,"{""Type"": ""Switch"", ""Speed_Gbps"": 1}"
1324,COMPUTER SUPPLIES,Networking,"Netgear Networking - Switch, 2.5",Netgear,645.87,"{""Type"": ""Switch"", ""Speed_Gbps"": 2.5}"
1325,COMPUTER SUPPLIES,Networking,"Netgear Networking - Ethernet Cable, 1",Netgear,650.76,"{""Type"": ""Ethernet Cable"", ""Speed_Gbps"": 1}"
1326,COMPUTER SUPPLIES,Networking,"Netgear Networking - Ethernet Cable, 2.5",Netgear,650.8,"{""Type"": ""Ethernet Cable"", ""Speed_Gbps"": 2.5}"
1327,SMART TV,Televisions,"Samsung Televisions - 55, LED",Samsung,674.18,"{""Screen_in"": 55, ""Technology"": ""LED""}"
1328,SMART TV,Televisions,"Samsung Televisions - 55, QLED",Samsung,684.92,"{""Screen_in"": 55, ""Technology"": ""QLED""}"
1329,SMART TV,Televisions,"Samsung Televisions - 55, OLED",Samsung,674.51,"{""Screen_in"": 55, ""Technology"": ""OLED""}"
1330,SMART TV,Televisions,"Samsung Televisions - 65, LED",Samsung,671.01,"{""Screen_in"": 65, ""Technology"": ""LED""}"
1331,SMART TV,Televisions,"Samsung Televisions - 65, QLED",Samsung,692.39,"{""Screen_in"": 65, ""Technology"": ""QLED""}"
1332,SMART TV,Televisions,"Samsung Televisions - 65, OLED",Samsung,706.95,"{""Screen_in"": 65, ""Technology"": ""OLED""}"
1333,SMART TV,Televisions,"Samsung Televisions - 75, LED",Samsung,689.08,"{""Screen_in"": 75, ""Technology"": ""LED""}"
1334,SMART TV,Televisions,"Samsung Televisions - 75, QLED",Samsung,724.57,"{""Screen_in"": 75, ""Technology"": ""QLED""}"
1335,SMART TV,Televisions,"Samsung Televisions - 75, OLED",Samsung,717.51,"{""Screen_in"": 75, ""Technology"": ""OLED""}"
1336,SMART TV,Televisions,"Samsung Televisions - 85, LED",Samsung,701.34,"{""Screen_in"": 85, ""Technology"": ""LED""}"
1337,SMART TV,Televisions,"Samsung Televisions - 85, QLED",Samsung,736.47,"{""Screen_in"": 85, ""Technology"": ""QLED""}"
1338,SMART TV,Televisions,"Samsung Televisions - 85, OLED",Samsung,742.78,"{""Screen_in"": 85, ""Technology"": ""OLED""}"
1339,SMART TV,Televisions,"LG Televisions - 55, LED",LG,735.19,"{""Screen_in"": 55, ""Technology"": ""LED""}"
1340,SMART TV,Televisions,"LG Televisions - 55, QLED",LG,739.56,"{""Screen_in"": 55, ""Technology"": ""QLED""}"
1341,SMART TV,Televisions,"LG Televisions - 55, OLED",LG,715.65,"{""Screen_in"": 55, ""Technology"": ""OLED""}"
1342,SMART TV,Televisions,"LG Televisions - 65, LED",LG,743.94,"{""Screen_in"": 65, ""Technology"": ""LED""}"
1343,SMART TV,Televisions,"LG Televisions - 65, QLED",LG,761.38,"{""Screen_in"": 65, ""Technology"": ""QLED""}"
1344,SMART TV,Televisions,"LG Televisions - 65, OLED",LG,733.79,"{""Screen_in"": 65, ""Technology"": ""OLED""}"
1345,SMART TV,Televisions,"LG Televisions - 75, LED",LG,781.19,"{""Screen_in"": 75, ""Technology"": ""LED""}"
1346,SMART TV,Televisions,"LG Televisions - 75, QLED",LG,777.71,"{""Screen_in"": 75, ""Technology"": ""QLED""}"
1347,SMART TV,Televisions,"LG Televisions - 75, OLED",LG,777.85,"{""Screen_in"": 75, ""Technology"": ""OLED""}"
1348,SMART TV,Televisions,"LG Televisions - 85, LED",LG,764.52,"{""Screen_in"": 85, ""Technology"": ""LED""}"
1349,SMART TV,Televisions,"LG Televisions - 85, QLED",LG,770.18,"{""Screen_in"": 85, ""Technology"": ""QLED""}"
1350,SMART TV,Televisions,"LG Televisions - 85, OLED",LG,806.73,"{""Screen_in"": 85, ""Technology"": ""OLED""}"
1351,SMART TV,Televisions,"Sony Televisions - 55, LED",Sony,769.64,"{""Screen_in"": 55, ""Technology"": ""LED""}"
1352,SMART TV,Televisions,"Sony Televisions - 55, QLED",Sony,807.33,"{""Screen_in"": 55, ""Technology"": ""QLED""}"
1353,SMART TV,Televisions,"Sony Televisions - 55, OLED",Sony,814.04,"{""Screen_in"": 55, ""Technology"": ""OLED""}"
1354,SMART TV,Televisions,"Sony Televisions - 65, LED",Sony,802.16,"{""Screen_in"": 65, ""Technology"": ""LED""}"
1355,SMART TV,Televisions,"Sony Televisions - 65, QLED",Sony,795.12,"{""Screen_in"": 65, ""Technology"": ""QLED""}"
1356,SMART TV,Televisions,"Sony Televisions - 65, OLED",Sony,815.99,"{""Screen_in"": 65, ""Technology"": ""OLED""}"
1357,SMART TV,Televisions,"Sony Televisions - 75, LED",Sony,818.84,"{""Screen_in"": 75, ""Technology"": ""LED""}"
1358,SMART TV,Televisions,"Sony Televisions - 75, QLED",Sony,819.93,"{""Screen_in"": 75, ""Technology"": ""QLED""}"
1359,SMART TV,Televisions,"Sony Televisions - 75, OLED",Sony,832.16,"{""Screen_in"": 75, ""Technology"": ""OLED""}"
1360,SMART TV,Televisions,"Sony Televisions - 85, LED",Sony,826.51,"{""Screen_in"": 85, ""Technology"": ""LED""}"
1361,SMART TV,Televisions,"Sony Televisions - 85, QLED",Sony,858.34,"{""Screen_in"": 85, ""Technology"": ""QLED""}"
1362,SMART TV,Televisions,"Sony Televisions - 85, OLED",Sony,823.08,"{""Screen_in"": 85, ""Technology"": ""OLED""}"
1363,SMART TV,Projectors,"Epson Projectors - 3000, 1080p",Epson,870.25,"{""Lumens"": 3000, ""Resolution"": ""1080p""}"
1364,SMART TV,Projectors,"Epson Projectors - 3000, 4K",Epson,865.27,"{""Lumens"": 3000, ""Resolution"": ""4K""}"
1365,SMART TV,Projectors,"Epson Projectors - 4000, 1080p",Epson,835.85,"{""Lumens"": 4000, ""Resolution"": ""1080p""}"
1366,SMART TV,Projectors,"Epson Projectors - 4000, 4K",Epson,863.17,"{""Lumens"": 4000, ""Resolution"": ""4K""}"
1367,SMART TV,Projectors,"BenQ Projectors - 3000, 1080p",BenQ,894.43,"{""Lumens"": 3000, ""Resolution"": ""1080p""}"
1368,SMART TV,Projectors,"BenQ Projectors - 3000, 4K",BenQ,861.14,"{""Lumens"": 3000, ""Resolution"": ""4K""}"
1369,SMART TV,Projectors,"BenQ Projectors - 4000, 1080p",BenQ,858.8,"{""Lumens"": 4000, ""Resolution"": ""1080p""}"
1370,SMART TV,Projectors,"BenQ Projectors - 4000, 4K",BenQ,892.13,"{""Lumens"": 4000, ""Resolution"": ""4K""}"
